{"cameraMode":{"drawMode":0,"name":"Shaded","section":"Shading Mode"},"sceneLighting":false,"audioPlay":false,"sceneViewState":{"showFog":false,"showMaterialUpdate":false,"showSkybox":false,"showFlares":false,"showImageEffects":false,"showParticleSystems":false},"in2DMode":false,"pivot":{"x":-7.090000152587891,"y":3.809999942779541,"z":-6.957630157470703},"rotation":{"x":0.01947908103466034,"y":-0.04497639462351799,"z":0.000877153710462153,"w":0.9987984895706177},"size":1.1676583290100098,"orthographic":true}